wav,value
280.0,0.0
280.5,0.0
281.0,0.0
281.5,0.0
282.0,0.0
282.5,0.0
283.0,0.0
283.5,0.0
284.0,0.0
284.5,0.0
285.0,0.0
285.5,0.0
286.0,0.0
286.5,0.0
287.0,0.0
287.5,0.0
288.0,0.0
288.5,0.0
289.0,0.0
289.5,0.0
290.0,0.0
290.5,0.0
291.0,0.0
291.5,0.0
292.0,0.0
292.5,0.0
293.0,0.0
293.5,0.009577128228993747
294.0,0.02379516732193465
294.5,0.03801446879930741
295.0,0.05223503266111202
295.5,0.06645685890734847
296.0,0.08067994753801679
296.5,0.09490429855311695
297.0,0.10912991195264896
297.5,0.12335678773661282
298.0,0.13758492590500854
298.5,0.15181432645783613
299.0,0.16604498939509554
299.5,0.1802769147167868
300.0,0.19451010242290995
300.5,0.2087445525134649
301.0,0.22298026498845172
301.5,0.23721723984787038
302.0,0.2514554770917209
302.5,0.2656949767200033
303.0,0.27993573873271754
303.5,0.2941777631298636
304.0,0.30842104991144154
304.5,0.32266559907745135
305.0,0.3369114106278929
305.5,0.35115848456276644
306.0,0.36540682088207177
306.5,0.3796564195858089
307.0,0.39390752932512957
307.5,0.4081630553060108
308.0,0.4224200803711747
308.5,0.4366786045206212
309.0,0.45093862775435023
309.5,0.4652001500723619
310.0,0.4794631714746561
310.5,0.49372769196123306
311.0,0.5079937115320924
311.5,0.5222612301872344
312.0,0.536530247926659
312.5,0.5508007647503662
313.0,0.565072780658356
313.5,0.5793462956506283
314.0,0.5936213097271834
314.5,0.6078978228880207
315.0,0.622175835133141
315.5,0.6364553464625438
316.0,0.6507363568762292
316.5,0.665018866374197
317.0,0.6793028749564476
317.5,0.6935883826229806
318.0,0.7078753893737962
318.5,0.7221638952088946
319.0,0.7364539001282755
319.5,0.750745404131939
320.0,0.765038407219885
320.5,0.7793329093921135
321.0,0.7936289106486248
321.5,0.8079264109894186
322.0,0.822225410414495
322.5,0.8284163067117138
323.0,0.8333749576414796
323.5,0.838334125343414
324.0,0.8432938098175172
324.5,0.8482540110637892
325.0,0.85321472908223
325.5,0.8581759638728395
326.0,0.8631377154356179
326.5,0.868099983770565
327.0,0.8730603238472724
327.5,0.8780114709277174
328.0,0.8829629987875851
328.5,0.886363009781111
329.0,0.8893509843054123
329.5,0.8923391875227342
330.0,0.8953276194330768
330.5,0.89831628003644
331.0,0.9013051693328239
331.5,0.9042942873222284
332.0,0.9072836340046537
332.5,0.9102732093800995
333.0,0.913263013448566
333.5,0.9162530462100531
334.0,0.9192433076645609
334.5,0.9222337978120893
335.0,0.9252245166526383
335.5,0.9282154641862079
336.0,0.9302652823548182
336.5,0.9309915053227069
337.0,0.9317177817019284
337.5,0.9324441114924824
338.0,0.933170494694369
338.5,0.9338818399798177
339.0,0.9345721642877819
339.5,0.9352624885957462
340.0,0.9359528129037105
340.5,0.9366431372116746
341.0,0.9373334615196388
341.5,0.9380237858276032
342.0,0.9387141101355674
342.5,0.9394044344435316
343.0,0.940094758751496
343.5,0.9407850830594601
344.0,0.9414754073674243
344.5,0.9421657316753885
345.0,0.9428560559833529
345.5,0.9435463802913171
346.0,0.9442367045992813
346.5,0.9449270289072456
347.0,0.9456173532152098
347.5,0.946307677523174
348.0,0.9469980018311384
348.5,0.947596944665515
349.0,0.9476652878028586
349.5,0.9477336309402022
350.0,0.947801974077546
350.5,0.9478703172148896
351.0,0.9479386603522333
351.5,0.948007003489577
352.0,0.9480753466269206
352.5,0.9481436897642643
353.0,0.9482120329016079
353.5,0.9482803760389515
354.0,0.9483487191762953
354.5,0.948417062313639
355.0,0.9484854054509827
355.5,0.9485537485883263
356.0,0.9486220917256699
356.5,0.9486904348630136
357.0,0.9487587780003572
357.5,0.948827121137701
358.0,0.9488954642750447
358.5,0.9489638074123883
359.0,0.949032150549732
359.5,0.9491004936870756
360.0,0.9491688368244192
360.5,0.949237179961763
361.0,0.9493055230991067
361.5,0.9493738662364503
362.0,0.949442209373794
362.5,0.9495105525111376
363.0,0.9495788956484813
363.5,0.949647238785825
364.0,0.9497155819231686
364.5,0.9497839250605123
365.0,0.949852268197856
365.5,0.9499206113351996
366.0,0.9499889544725433
366.5,0.950057297609887
367.0,0.9501256407472307
367.5,0.9501939838845743
368.0,0.9502623270219179
368.5,0.9503306701592616
369.0,0.9503990132966053
369.5,0.950467356433949
370.0,0.9505356995712927
370.5,0.9506040427086363
371.0,0.95067238584598
371.5,0.9507407289833236
372.0,0.9508090721206672
372.5,0.950877415258011
373.0,0.9509457583953547
373.5,0.9509996746316504
374.0,0.951003841162909
374.5,0.9510080076941677
375.0,0.9510121742254264
375.5,0.9510230929645082
376.0,0.9510456549849614
376.5,0.9510682171666003
377.0,0.9510907795094241
377.5,0.9511133420134334
378.0,0.9511359046786281
378.5,0.9511584675050078
379.0,0.951181030492573
379.5,0.9512035936413232
380.0,0.9512261569512591
380.5,0.9512487204223801
381.0,0.9512712840546865
381.5,0.9512938478481778
382.0,0.9513164118028548
382.5,0.9513389759187169
383.0,0.9513615401957644
383.5,0.9513841046339971
384.0,0.951406669233415
384.5,0.9514292339940185
385.0,0.951451798915807
385.5,0.9514743639987808
386.0,0.95149692924294
386.5,0.9515194946482843
387.0,0.9515420602148142
387.5,0.9515646259425292
388.0,0.9515871918314296
388.5,0.9516097578815153
389.0,0.9516323240927861
389.5,0.9516548904652422
390.0,0.9516774569988837
390.5,0.9517000236937107
391.0,0.9517225905497225
391.5,0.9517451575669199
392.0,0.9517677247453025
392.5,0.9517902920848704
393.0,0.9518128595856237
393.5,0.9518354272475621
394.0,0.951857995070686
394.5,0.9518805630549951
395.0,0.9519031312004893
395.5,0.9519173737401349
396.0,0.9519230767104759
396.5,0.9519287796942488
397.0,0.951934482691454
397.5,0.9519401857020909
398.0,0.9519458887261603
398.5,0.9519515917636616
399.0,0.951957294814595
399.5,0.9519629978789607
400.0,0.9519687009567581
401.0,0.9519801071526498
402.0,0.9519915134022697
403.0,0.952002919705618
404.0,0.9520143260626946
405.0,0.9520257324734999
406.0,0.9520371389380333
407.0,0.9520485454562952
408.0,0.9520599520282854
409.0,0.9520713586540039
410.0,0.9520827653334509
411.0,0.9520941720666263
412.0,0.9521055788535302
413.0,0.9521169856941623
414.0,0.9521283925885228
415.0,0.9521397995366117
416.0,0.952151206538429
417.0,0.9521626135939747
418.0,0.9521740207032487
419.0,0.9521854278662512
420.0,0.952196835082982
421.0,0.9522082423534411
422.0,0.9522196496776287
423.0,0.9522310570555448
424.0,0.9522424644871891
425.0,0.9522538719725618
426.0,0.9522652795116631
427.0,0.9522766871044923
428.0,0.9522880947510503
429.0,0.9522995024513365
430.0,0.9523128629247313
431.0,0.9523276990088498
432.0,0.9523425352067463
433.0,0.9523573715184206
434.0,0.9523722079438728
435.0,0.9523870444831029
436.0,0.9524018811361107
437.0,0.9524167179028964
438.0,0.9524315547834599
439.0,0.9524463917778014
440.0,0.9524612288859207
441.0,0.9524760661078177
442.0,0.9524909034434927
443.0,0.9525057408929455
444.0,0.952520578456176
445.0,0.9525354161331847
446.0,0.952550253923971
447.0,0.9525650918285351
448.0,0.9525799298468773
449.0,0.9525947679789971
450.0,0.9526096062248949
451.0,0.9526244445845705
452.0,0.952639283058024
453.0,0.9526541216452553
454.0,0.9526689603462645
455.0,0.9526837991610516
456.0,0.9526986380896164
457.0,0.952713477131959
458.0,0.9527283162880796
459.0,0.9527431555579781
460.0,0.9527579949416543
461.0,0.9527728344391085
462.0,0.9527876740503405
463.0,0.9528025137753503
464.0,0.952817353614138
465.0,0.9528321935667035
466.0,0.9528470336330469
467.0,0.9528618738131682
468.0,0.9528767141070672
469.0,0.9528915545147442
470.0,0.952906395036199
471.0,0.9529212356714316
472.0,0.952936076420442
473.0,0.9529509172832303
474.0,0.9529657582597966
475.0,0.9529805993501406
476.0,0.9529954405542624
477.0,0.9530102818721622
478.0,0.9530243513432208
479.0,0.953034110805703
480.0,0.9530438702929828
481.0,0.95305362980506
482.0,0.9530633893419347
483.0,0.953073148903607
484.0,0.9530829084900767
485.0,0.9530926681013439
486.0,0.9531024277374086
487.0,0.9531121873982706
488.0,0.9531219470839305
489.0,0.9531317067943877
490.0,0.9531414665296424
491.0,0.9531512262896946
492.0,0.953160986074544
493.0,0.9531707458841914
494.0,0.953180505718636
495.0,0.953190265577878
496.0,0.9532000254619178
497.0,0.9532097853707548
498.0,0.9532195453043895
499.0,0.9532293052628215
500.0,0.9532390652460512
501.0,0.9532488252540783
502.0,0.9532585852869028
503.0,0.953268345344525
504.0,0.9532781054269445
505.0,0.9532878655341616
506.0,0.9532976256661762
507.0,0.9533073858229881
508.0,0.9533171460045976
509.0,0.9533269062110047
510.0,0.9533366664422093
511.0,0.9533464266982111
512.0,0.9533561869790108
513.0,0.9533659472846079
514.0,0.9533757076150022
515.0,0.9533854679701944
516.0,0.9533952283501838
517.0,0.9534049887549707
518.0,0.9534147491845554
519.0,0.9534245096389371
520.0,0.9534342701181167
521.0,0.9534440306220936
522.0,0.953453791150868
523.0,0.9534635517044399
524.0,0.9534733122828095
525.0,0.9534830728859763
526.0,0.9534928335139407
527.0,0.9535025941667027
528.0,0.953512354844262
529.0,0.9535221155466189
530.0,0.9535318762737733
531.0,0.9535416370257251
532.0,0.9535513978024746
533.0,0.9535611586040212
534.0,0.9535709194303658
535.0,0.9535806802815074
536.0,0.9535904411574468
537.0,0.9536002020581839
538.0,0.953609962983718
539.0,0.9536197239340498
540.0,0.9536294849091792
541.0,0.953639245909106
542.0,0.9536490069338304
543.0,0.9536587679833521
544.0,0.9536685290576713
545.0,0.9536782901567881
546.0,0.9536880512807023
547.0,0.9536978124294141
548.0,0.9537075736029234
549.0,0.9537173348012302
550.0,0.9537270960243344
551.0,0.9537368572722361
552.0,0.9537463315327827
553.0,0.9537532583949854
554.0,0.9537601852323905
555.0,0.9537671120449983
556.0,0.9537740388328085
557.0,0.953780965595821
558.0,0.9537878923340363
559.0,0.9537948190474541
560.0,0.9538017457360741
561.0,0.9538086723998969
562.0,0.9538155990389219
563.0,0.9538225256531496
564.0,0.9538294522425799
565.0,0.9538363788072124
566.0,0.9538433053470475
567.0,0.9538502318620853
568.0,0.9538571583523253
569.0,0.953864084817768
570.0,0.953871011258413
571.0,0.9538779376742607
572.0,0.9538848640653108
573.0,0.9538917904315632
574.0,0.9538987167730184
575.0,0.9539056430896761
576.0,0.953912569381536
577.0,0.9539194956485987
578.0,0.9539264218908637
579.0,0.9539333481083311
580.0,0.9539402743010011
581.0,0.9539472004688737
582.0,0.9539541266119488
583.0,0.9539610527302262
584.0,0.9539679788237062
585.0,0.9539749048923889
586.0,0.9539818309362739
587.0,0.9539887569553613
588.0,0.9539956829496513
589.0,0.9540026089191438
590.0,0.9540095348638388
591.0,0.9540164607837363
592.0,0.9540233866788361
593.0,0.9540303125491387
594.0,0.9540372383946437
595.0,0.9540441642153511
596.0,0.9540510900112611
597.0,0.9540580157823736
598.0,0.9540649415286885
599.0,0.954071867250206
600.0,0.9540787929469258
601.0,0.9540857186188482
602.0,0.9540926442659733
603.0,0.9540995698883006
604.0,0.9541064954858305
605.0,0.9541134210585629
606.0,0.9541203466064976
607.0,0.9541272721296351
608.0,0.9541341976279748
609.0,0.9541411231015172
610.0,0.9541480485502621
611.0,0.9541549739742095
612.0,0.9541618993733594
613.0,0.9541688247477117
614.0,0.9541757500972665
615.0,0.954182675422024
616.0,0.9541896007219837
617.0,0.954196525997146
618.0,0.9542034512475108
619.0,0.9542103764730782
620.0,0.954217301673848
621.0,0.9542242268498203
622.0,0.954231152000995
623.0,0.9542380771273723
624.0,0.9542450022289521
625.0,0.9542519273057344
626.0,0.9542588308043327
627.0,0.9542653303758433
628.0,0.954271829915117
629.0,0.9542783294221537
630.0,0.9542848288969534
631.0,0.954291328339516
632.0,0.9542978277498416
633.0,0.9543043271279302
634.0,0.9543108264737817
635.0,0.9543173257873964
636.0,0.9543238250687738
637.0,0.9543303243179145
638.0,0.9543368235348179
639.0,0.9543433227194843
640.0,0.9543498218719139
641.0,0.9543563209921062
642.0,0.9543628200800616
643.0,0.9543693191357799
644.0,0.9543758181592612
645.0,0.9543823171505057
646.0,0.9543888161095129
647.0,0.9543953150362832
648.0,0.9544018139308165
649.0,0.9544083127931127
650.0,0.9544148116231718
651.0,0.9544213104209941
652.0,0.9544278091865791
653.0,0.9544343079199273
654.0,0.9544408066210384
655.0,0.9544473052899125
656.0,0.9544538039265495
657.0,0.9544603025309496
658.0,0.9544668011031125
659.0,0.9544732996430386
660.0,0.9544797981507275
661.0,0.9544862966261796
662.0,0.9544927950693943
663.0,0.9544992934803722
664.0,0.9545057918591131
665.0,0.9545122902056169
666.0,0.9545187885198837
667.0,0.9545252868019136
668.0,0.9545317850517063
669.0,0.9545382832692622
670.0,0.9545447814545808
671.0,0.9545512796076626
672.0,0.9545577777285073
673.0,0.9545642758171148
674.0,0.9545707738734855
675.0,0.9545772718976191
676.0,0.9545837698895155
677.0,0.9545902678491752
678.0,0.9545967657765978
679.0,0.9546032636717832
680.0,0.9546097615347318
681.0,0.954616259365443
682.0,0.9546227571639176
683.0,0.9546286920312962
684.0,0.9546288364446
685.0,0.954628980714628
686.0,0.9546291248413802
687.0,0.9546292688248565
688.0,0.9546294126650572
689.0,0.9546295563619818
690.0,0.9546296999156308
691.0,0.954629843326004
692.0,0.9546299865931012
693.0,0.9546301297169227
694.0,0.9546302726974686
695.0,0.9546304155347383
696.0,0.9546305582287324
697.0,0.9546307007794507
698.0,0.9546308431868931
699.0,0.9546309854510598
700.0,0.9546311275719505
701.0,0.9546312695495656
702.0,0.9546314113839048
703.0,0.9546315530749683
704.0,0.9546316946227558
705.0,0.9546318360272675
706.0,0.9546319772885035
707.0,0.9546321184064637
708.0,0.9546322593811479
709.0,0.954636837376176
710.0,0.9546467152160573
711.0,0.9546565930828022
712.0,0.9546664709764112
713.0,0.9546763488968841
714.0,0.954686226844221
715.0,0.9546961048184219
716.0,0.9547059828194866
717.0,0.9547158608474156
718.0,0.9547257389022082
719.0,0.9547356169838649
720.0,0.9547454950923854
721.0,0.9547553732277699
722.0,0.9547652513900184
723.0,0.9547751295791309
724.0,0.9547850077951072
725.0,0.9547948860379476
726.0,0.9548047643076519
727.0,0.9548146426042201
728.0,0.9548245209276525
729.0,0.9548343992779486
730.0,0.9548442776551086
731.0,0.9548541560591327
732.0,0.9548640344900207
733.0,0.9548739129477726
734.0,0.9548837914323884
735.0,0.9548936699438683
736.0,0.954903548482212
737.0,0.9549134270474198
738.0,0.9549233056394915
739.0,0.954933184258427
740.0,0.9549430629042268
741.0,0.9549529415768901
742.0,0.9549628202764178
743.0,0.9549726990028091
744.0,0.9549825777560644
745.0,0.9549924565361839
746.0,0.955002335343167
747.0,0.9550122141770143
748.0,0.9550220930377256
749.0,0.9550319719253006
750.0,0.9550418508397397
751.0,0.9550517297810426
752.0,0.9550616087492096
753.0,0.9550714877442406
754.0,0.9550813667661355
755.0,0.9550912458148944
756.0,0.9551011248905171
757.0,0.9551110039930037
758.0,0.9551208831223545
759.0,0.9551307622785691
760.0,0.9551406414616476
761.0,0.9551505206715902
762.0,0.9551603999083965
763.0,0.955170279172067
764.0,0.9551801584626014
765.0,0.9551900377799998
766.0,0.955199917124262
767.0,0.9552097964953882
768.0,0.9552196758933783
769.0,0.9552295553182325
770.0,0.9552394347699505
771.0,0.9552493142485324
772.0,0.9552591937539785
773.0,0.9552690732862883
774.0,0.9552789528454623
775.0,0.9552888324315001
776.0,0.9552987120444016
777.0,0.9553065666523285
778.0,0.9552964477873451
779.0,0.9552863285999929
780.0,0.9552762090902714
781.0,0.9552660892581807
782.0,0.9552559691037209
783.0,0.955245848626892
784.0,0.9552357278276938
785.0,0.9552256067061267
786.0,0.9552154852621902
787.0,0.9552053634958846
788.0,0.9551952414072099
789.0,0.955185118996166
790.0,0.955174996262753
791.0,0.9551648732069709
792.0,0.9551547498288194
793.0,0.955144626128299
794.0,0.9551345021054094
795.0,0.9551243777601507
796.0,0.9551142530925227
797.0,0.9551041281025255
798.0,0.9550940027901593
799.0,0.955083877155424
800.0,0.9550737511983195
801.0,0.9550636249188458
802.0,0.9550534983170029
803.0,0.9550433713927909
804.0,0.9550332441462098
805.0,0.9550231165772595
806.0,0.955027495233196
807.0,0.9550407559535186
808.0,0.9550540167598062
809.0,0.955067277652059
810.0,0.9550805386302768
811.0,0.9550937996944597
812.0,0.9551070608446077
813.0,0.9551203220807208
814.0,0.955133583402799
815.0,0.9551468448108422
816.0,0.9551601063048507
817.0,0.9551733678848241
818.0,0.9551866295507627
819.0,0.9551998913026662
820.0,0.9552131531405351
821.0,0.9552264150643689
822.0,0.9552396770741677
823.0,0.9552529391699317
824.0,0.9552662013516606
825.0,0.9552794636193549
826.0,0.9552927259730141
827.0,0.9553059884126386
828.0,0.9553192509382279
829.0,0.9553325135497825
830.0,0.955345776247302
831.0,0.9553590390307868
832.0,0.9553723019002365
833.0,0.9553855648556513
834.0,0.9553988278970313
835.0,0.9554120910243762
836.0,0.9554253542376864
837.0,0.9554386175369616
838.0,0.955451880922202
839.0,0.9554651443934074
840.0,0.9554784079505779
841.0,0.9554916715937133
842.0,0.9555049353228141
843.0,0.9555181991378797
844.0,0.9555314630389105
845.0,0.9555447270259064
846.0,0.9555579910988673
847.0,0.9555712552577935
848.0,0.9555845195026846
849.0,0.9555878230845195
850.0,0.9555900043025777
851.0,0.9555921854131788
852.0,0.9555943664163227
853.0,0.9555965473120095
854.0,0.9555987281002389
855.0,0.9556009087810113
856.0,0.9556030893543266
857.0,0.9556052698201846
858.0,0.9556074501785854
859.0,0.9556096304295291
860.0,0.9556118105730156
861.0,0.955613990609045
862.0,0.9556161705376172
863.0,0.9556183503587321
864.0,0.9556205300723899
865.0,0.9556227096785906
866.0,0.9556248891773341
867.0,0.9556270685686205
868.0,0.9556292478524495
869.0,0.9556314270288215
870.0,0.9556336060977362
871.0,0.955635785059194
872.0,0.9556379639131944
873.0,0.9556401426597376
874.0,0.9556423212988239
875.0,0.9556444998304527
876.0,0.9556466782546245
877.0,0.9556488565713391
878.0,0.9556510347805964
879.0,0.9556532128823967
880.0,0.9556553908767399
881.0,0.9556575687636257
882.0,0.9556597465430544
883.0,0.9556619242150262
884.0,0.9556641017795404
885.0,0.9556662792365976
886.0,0.9556684565861977
887.0,0.9556706338283406
888.0,0.9556728109630263
889.0,0.9556749879902549
890.0,0.9556771649100262
891.0,0.9556793417223404
892.0,0.9556815184271975
893.0,0.9556836950245973
894.0,0.95568587151454
895.0,0.9556880478970255
896.0,0.9556902241720538
897.0,0.955692400339625
898.0,0.9556945763997391
899.0,0.9556967523523959
900.0,0.9557028270409916
901.0,0.9557111628579315
902.0,0.9557194986748712
903.0,0.9557278344918108
904.0,0.9557361703087506
905.0,0.9557445061256902
906.0,0.95575284194263
907.0,0.9557611777595697
908.0,0.9557695135765093
909.0,0.9557778493934491
910.0,0.9557861852103888
911.0,0.9557945210273284
912.0,0.9558028568442682
913.0,0.9558111926612078
914.0,0.9558195284781477
915.0,0.9558278642950874
916.0,0.955836200112027
917.0,0.9558445359289668
918.0,0.9558528717459065
919.0,0.9558612075628462
920.0,0.9558695433797859
921.0,0.9558778791967256
922.0,0.9558862150136653
923.0,0.955894550830605
924.0,0.9559028866475446
925.0,0.9559112224644845
926.0,0.9559195582814242
927.0,0.9559278940983639
928.0,0.9559362299153036
929.0,0.9559445657322433
930.0,0.955952901549183
931.0,0.9559612373661227
932.0,0.9559695731830623
933.0,0.9559779090000021
934.0,0.9559862448169418
935.0,0.9559945806338815
936.0,0.9560029164508212
937.0,0.956011252267761
938.0,0.9560195880847007
939.0,0.9560279239016404
940.0,0.95603625971858
941.0,0.9560445955355198
942.0,0.9560529313524595
943.0,0.9560612671693992
944.0,0.9560696029863389
945.0,0.9560776335249493
946.0,0.9560811465747563
947.0,0.9560846595404673
948.0,0.9560881724220817
949.0,0.9560916852195998
950.0,0.9560951979330216
951.0,0.9560987105623467
952.0,0.956102223107576
953.0,0.9561057355687088
954.0,0.9561092479457449
955.0,0.956112760238685
956.0,0.9561162724475288
957.0,0.956119784572276
958.0,0.956123296612927
959.0,0.9561268085694815
960.0,0.9561303204419399
961.0,0.9561338322303019
962.0,0.9561373439345673
963.0,0.9561408555547366
964.0,0.9561443670908096
965.0,0.956147878542786
966.0,0.9561513899106663
967.0,0.95615490119445
968.0,0.9561584123941376
969.0,0.9561619235097288
970.0,0.9561654345412234
971.0,0.956168945488622
972.0,0.9561724563519242
973.0,0.9561759671311298
974.0,0.9561794778262392
975.0,0.9561829884372525
976.0,0.956186498964169
977.0,0.9561900094069894
978.0,0.9561935197657133
979.0,0.9561970300403411
980.0,0.9562005402308725
981.0,0.9562040503373073
982.0,0.956207560359646
983.0,0.9562110702978884
984.0,0.9562145801520342
985.0,0.9562180899220839
986.0,0.9562215996080369
987.0,0.956225109209894
988.0,0.9562286187276546
989.0,0.9562321281613186
990.0,0.9562356375108866
991.0,0.9562391467763581
992.0,0.9562426559577332
993.0,0.9562461650550121
994.0,0.9562496740681945
995.0,0.9562531829972807
996.0,0.9562566918422705
997.0,0.9562602006031636
998.0,0.9562637092799608
999.0,0.9562672178726618
1000.0,0.9562707263812659
1001.0,0.956274234805774
1002.0,0.9562777431461859
1003.0,0.956281251402501
1004.0,0.95628475957472
1005.0,0.9562882676628426
1006.0,0.956291775666869
1007.0,0.9562952835867989
1008.0,0.9562987914226323
1009.0,0.9563022991743697
1010.0,0.9563058068420108
1011.0,0.9563087486137
1012.0,0.9563112401879638
1013.0,0.9563137316604262
1014.0,0.9563162230310879
1015.0,0.9563187142999481
1016.0,0.9563212054670072
1017.0,0.9563236965322653
1018.0,0.9563261874957223
1019.0,0.956328678357378
1020.0,0.9563311691172325
1021.0,0.9563336597752861
1022.0,0.9563361503315384
1023.0,0.9563386407859896
1024.0,0.9563411311386395
1025.0,0.9563436213894885
1026.0,0.9563461115385363
1027.0,0.9563486015857828
1028.0,0.9563510915312283
1029.0,0.9563535813748728
1030.0,0.9563560711167158
1031.0,0.956358560756758
1032.0,0.9563610502949988
1033.0,0.9563635397314387
1034.0,0.9563660290660773
1035.0,0.9563685182989148
1036.0,0.9563710074299512
1037.0,0.9563734964591865
1038.0,0.9563759853866205
1039.0,0.9563784742122533
1040.0,0.9563809629360852
1041.0,0.9563834515581159
1042.0,0.9563859400783454
1043.0,0.9563884284967736
1044.0,0.9563909168134009
1045.0,0.9563934050282271
1046.0,0.956395893141252
1047.0,0.9563983811524758
1048.0,0.9564008690618985
1049.0,0.9564033568695199
1050.0,0.9564058445753404
1051.0,0.9564083321793595
1052.0,0.9564108196815778
1053.0,0.9564133070819948
1054.0,0.9564157943806104
1055.0,0.9564182815774253
1056.0,0.9564207686724387
1057.0,0.9564232556656511
1058.0,0.9564257425570623
1059.0,0.9564282293466725
1060.0,0.9564307160344815
1061.0,0.9564332026204894
1062.0,0.956435689104696
1063.0,0.9564381754871016
1064.0,0.956440661767706
1065.0,0.9564426625228556
1066.0,0.956444052821631
1067.0,0.956445442999518
1068.0,0.9564468330565163
1069.0,0.956448222992626
1070.0,0.9564496128078471
1071.0,0.9564510025021796
1072.0,0.9564523920756237
1073.0,0.956453781528179
1074.0,0.9564551708598457
1075.0,0.9564565600706236
1076.0,0.9564579491605133
1077.0,0.9564593381295143
1078.0,0.9564607269776266
1079.0,0.9564621157048505
1080.0,0.9564635043111857
1081.0,0.9564648927966322
1082.0,0.9564662811611904
1083.0,0.9564676694048597
1084.0,0.9564690575276404
1085.0,0.9564704455295328
1086.0,0.9564718334105363
1087.0,0.9564732211706516
1088.0,0.956474608809878
1089.0,0.9564759963282158
1090.0,0.956477383725665
1091.0,0.9564787710022259
1092.0,0.9564801581578979
1093.0,0.9564815451926815
1094.0,0.9564829321065762
1095.0,0.9564843188995825
1096.0,0.9564857055717004
1097.0,0.9564870921229295
1098.0,0.95648847855327
1099.0,0.9564898648627219
1100.0,0.9564912510512852
1101.0,0.95649263711896
1102.0,0.9564940230657463
1103.0,0.9564954088916439
1104.0,0.9564967945966528
1105.0,0.9564981801807733
1106.0,0.9564995656440051
1107.0,0.9565009509863482
1108.0,0.9565023362078029
1109.0,0.9565037213083689
1110.0,0.9565051062880464
1111.0,0.9565017748835127
1112.0,0.9564977596440309
1113.0,0.9564937441896361
1114.0,0.9564897285203279
1115.0,0.9564857126361067
1116.0,0.9564816965369721
1117.0,0.9564776802229243
1118.0,0.9564736636939635
1119.0,0.9564696469500892
1120.0,0.9564656299913018
1121.0,0.956461612817601
1122.0,0.9564575954289872
1123.0,0.9564535778254601
1124.0,0.9564495600070199
1125.0,0.9564455419736664
1126.0,0.9564415237253996
1127.0,0.9564375052622197
1128.0,0.9564334865841264
1129.0,0.9564294676911201
1130.0,0.9564254485832004
1131.0,0.9564214292603678
1132.0,0.9564174097226216
1133.0,0.9564133899699624
1134.0,0.9564093700023898
1135.0,0.9564053498199042
1136.0,0.9564013294225052
1137.0,0.9563973088101931
1138.0,0.9563932879829677
1139.0,0.9563892669408293
1140.0,0.9563852456837774
1141.0,0.9563812242118124
1142.0,0.9563772025249342
1143.0,0.9563731806231427
1144.0,0.956369158506438
1145.0,0.9563737316308406
1146.0,0.9563820555119384
1147.0,0.9563903793930365
1148.0,0.9563987032741345
1149.0,0.9564070271552324
1150.0,0.9564153510363305
1151.0,0.9564236749174284
1152.0,0.9564319987985265
1153.0,0.9564403226796244
1154.0,0.9564486465607224
1155.0,0.9564569704418204
1156.0,0.9564652943229184
1157.0,0.9564736182040163
1158.0,0.9564819420851144
1159.0,0.9564902659662123
1160.0,0.9564985898473104
1161.0,0.9565069137284083
1162.0,0.9565152376095063
1163.0,0.9565235614906044
1164.0,0.9565318853717023
1165.0,0.9565402092528003
1166.0,0.9565485331338983
1167.0,0.9565568570149963
1168.0,0.9565651808960942
1169.0,0.9565735047771923
1170.0,0.9565818286582902
1171.0,0.9565901525393883
1172.0,0.9565984764204862
1173.0,0.9566068003015842
1174.0,0.9566151241826822
1175.0,0.9566234480637802
1176.0,0.956630411885242
1177.0,0.9566350308472044
1178.0,0.9566396497446925
1179.0,0.9566442685777069
1180.0,0.9566488873462471
1181.0,0.9566535060503132
1182.0,0.9566581246899055
1183.0,0.9566627432650237
1184.0,0.9566673617756679
1185.0,0.9566719802218382
1186.0,0.9566765986035344
1187.0,0.9566812169207567
1188.0,0.9566858351735048
1189.0,0.9566904533617789
1190.0,0.9566950714855792
1191.0,0.9566996895449055
1192.0,0.9567043075397577
1193.0,0.9567089254701359
1194.0,0.9567135433360401
1195.0,0.9567181611374702
1196.0,0.9567227788744264
1197.0,0.9567273965469085
1198.0,0.9567320141549168
1199.0,0.9567366316984511
1200.0,0.9567412491775111
1201.0,0.9567458665920975
1202.0,0.9567504839422094
1203.0,0.9567551012278477
1204.0,0.956759718449012
1205.0,0.9567643356057021
1206.0,0.9567689526979183
1207.0,0.9567735697256605
1208.0,0.9567781866889286
1209.0,0.9567828035877227
1210.0,0.9567874204220429
1211.0,0.956792037191889
1212.0,0.9567966538972613
1213.0,0.9568012705381593
1214.0,0.9568058871145836
1215.0,0.9568105036265337
1216.0,0.9568151200740097
1217.0,0.956819736457012
1218.0,0.9568243527755401
1219.0,0.9568289690295942
1220.0,0.9568335852191745
1221.0,0.9568382013442805
1222.0,0.9568428174049127
1223.0,0.9568474334010708
1224.0,0.9568520493327549
1225.0,0.956856665199965
1226.0,0.9568612810027012
1227.0,0.9568658967409633
1228.0,0.9568705124147515
1229.0,0.9568751280240656
1230.0,0.9568797435689056
1231.0,0.9568843590492717
1232.0,0.9568889744651639
1233.0,0.9568920885949984
1234.0,0.95689299711669
1235.0,0.9568939055094331
1236.0,0.9568948137732284
1237.0,0.9568957219080754
1238.0,0.9568966299139743
1239.0,0.956897537790925
1240.0,0.9568984455389276
1241.0,0.9568993531579821
1242.0,0.9569002606480885
1243.0,0.9569011680092466
1244.0,0.9569020752414569
1245.0,0.9569029823447188
1246.0,0.9569038893190327
1247.0,0.9569047961643985
1248.0,0.9569057028808159
1249.0,0.9569066094682854
1250.0,0.9569075159268067
1251.0,0.95690842225638
1252.0,0.9569093284570049
1253.0,0.9569102345286818
1254.0,0.9569111404714106
1255.0,0.9569120462851912
1256.0,0.9569129519700236
1257.0,0.9569138575259082
1258.0,0.9569147629528443
1259.0,0.9569156682508325
1260.0,0.9569165734198724
1261.0,0.9569174784599643
1262.0,0.956918383371108
1263.0,0.9569192881533035
1264.0,0.9569201928065512
1265.0,0.9569210973308503
1266.0,0.9569220017262017
1267.0,0.9569229059926045
1268.0,0.9569238101300594
1269.0,0.9569247141385663
1270.0,0.9569256180181249
1271.0,0.9569265217687354
1272.0,0.9569274253903979
1273.0,0.956928328883112
1274.0,0.9569292322468782
1275.0,0.956930135481696
1276.0,0.9569329397362442
1277.0,0.9569366238373683
1278.0,0.9569403078578999
1279.0,0.9569439917978391
1280.0,0.9569476756571856
1281.0,0.9569513594359399
1282.0,0.9569550431341016
1283.0,0.9569587267516707
1284.0,0.9569624102886476
1285.0,0.9569660937450319
1286.0,0.9569697771208238
1287.0,0.9569734604160232
1288.0,0.9569771436306301
1289.0,0.9569808267646445
1290.0,0.9569845098180666
1291.0,0.956988192790896
1292.0,0.9569918756831332
1293.0,0.9569955584947777
1294.0,0.9569992412258297
1295.0,0.9570029238762894
1296.0,0.9570066064461565
1297.0,0.9570102889354313
1298.0,0.9570139713441134
1299.0,0.9570176536722034
1300.0,0.9570213359197005
1301.0,0.9570250180866056
1302.0,0.9570287001729176
1303.0,0.9570323821786378
1304.0,0.9570360641037651
1305.0,0.9570397459483001
1306.0,0.9570434277122426
1307.0,0.9570471093955926
1308.0,0.9570507909983502
1309.0,0.9570544725205152
1310.0,0.9570581539620879
1311.0,0.957061835323068
1312.0,0.9570655166034558
1313.0,0.957069197803251
1314.0,0.9570728789224539
1315.0,0.9570765599610641
1316.0,0.9570802409190818
1317.0,0.9570839217965073
1318.0,0.95708760259334
1319.0,0.9570912833095806
1320.0,0.9570949639452285
1321.0,0.9570978522746282
1322.0,0.9570945772326332
1323.0,0.9570913019891563
1324.0,0.9570880265441972
1325.0,0.9570847508977565
1326.0,0.9570814750498335
1327.0,0.9570781990004286
1328.0,0.9570749227495416
1329.0,0.9570716462971727
1330.0,0.9570683696433221
1331.0,0.9570650927879891
1332.0,0.9570618157311741
1333.0,0.9570585384728775
1334.0,0.9570552610130986
1335.0,0.9570519833518377
1336.0,0.9570487054890952
1337.0,0.9570454274248702
1338.0,0.9570421491591636
1339.0,0.9570388706919749
1340.0,0.957035592023304
1341.0,0.9570323131531514
1342.0,0.9570290340815167
1343.0,0.9570257548083999
1344.0,0.9570224753338014
1345.0,0.9570191956577206
1346.0,0.9570159157801581
1347.0,0.9570126357011135
1348.0,0.9570093554205867
1349.0,0.9570060749385783
1350.0,0.9570027942550877
1351.0,0.956999513370115
1352.0,0.9569962322836606
1353.0,0.956992950995724
1354.0,0.9569896695063055
1355.0,0.956986387815405
1356.0,0.9569831059230224
1357.0,0.956979823829158
1358.0,0.9569765415338115
1359.0,0.9569732590369829
1360.0,0.9569699763386726
1361.0,0.9569666934388802
1362.0,0.9569634103376058
1363.0,0.9569601270348495
1364.0,0.956956843530611
1365.0,0.9569535598248907
1366.0,0.9569502759176883
1367.0,0.9569472443199428
1368.0,0.9569444239346826
1369.0,0.9569416033560003
1370.0,0.9569387825838958
1371.0,0.9569359616183695
1372.0,0.9569331404594208
1373.0,0.9569303191070504
1374.0,0.9569274975612578
1375.0,0.9569246758220431
1376.0,0.9569218538894065
1377.0,0.9569190317633479
1378.0,0.956916209443867
1379.0,0.9569133869309643
1380.0,0.9569105642246395
1381.0,0.9569077413248924
1382.0,0.9569049182317235
1383.0,0.9569020949451326
1384.0,0.9568992714651194
1385.0,0.9568964477916845
1386.0,0.9568936239248271
1387.0,0.9568907998645481
1388.0,0.9568879756108469
1389.0,0.9568851511637235
1390.0,0.9568823265231783
1391.0,0.9568795016892109
1392.0,0.9568766766618214
1393.0,0.95687385144101
1394.0,0.9568710260267765
1395.0,0.9568682004191209
1396.0,0.9568653746180434
1397.0,0.9568625486235435
1398.0,0.956859722435622
1399.0,0.9568568960542783
1400.0,0.9568540694795123
1401.0,0.9568512427113246
1402.0,0.9568484157497148
1403.0,0.9568455885946827
1404.0,0.9568427612462288
1405.0,0.9568399337043528
1406.0,0.9568371059690546
1407.0,0.9568342780403346
1408.0,0.9568314499181925
1409.0,0.9568286216026282
1410.0,0.9568257930936419
1411.0,0.9568229643912337
1412.0,0.9568201354954033
1413.0,0.9568173064061508
1414.0,0.9568144771234764
1415.0,0.95681164764738
1416.0,0.9568088179778614
1417.0,0.9568059881149208
1418.0,0.9568031580585582
1419.0,0.9568003278087736
1420.0,0.9567974973655669
1421.0,0.956794666728938
1422.0,0.9567918358988873
1423.0,0.9567890048754144
1424.0,0.9567818496613821
1425.0,0.9567715924283938
1426.0,0.9567613348730354
1427.0,0.9567510769953075
1428.0,0.9567408187952097
1429.0,0.9567305602727421
1430.0,0.9567203014279051
1431.0,0.9567100422606982
1432.0,0.9566997827711217
1433.0,0.9566895229591752
1434.0,0.9566792628248593
1435.0,0.9566690023681734
1436.0,0.9566587415891179
1437.0,0.9566484804876927
1438.0,0.9566382190638978
1439.0,0.9566279573177332
1440.0,0.9566176952491987
1441.0,0.9566074328582945
1442.0,0.9565971701450209
1443.0,0.9565869071093772
1444.0,0.956576643751364
1445.0,0.956566380070981
1446.0,0.9565561160682283
1447.0,0.9565458517431059
1448.0,0.9565355870956137
1449.0,0.9565253221257519
1450.0,0.9565150568335203
1451.0,0.956504791218919
1452.0,0.9564945252819479
1453.0,0.9564842590226073
1454.0,0.9564739924408967
1455.0,0.9564637255368166
1456.0,0.9564534583103667
1457.0,0.9564431907615469
1458.0,0.9564329228903578
1459.0,0.9564226546967985
1460.0,0.95641238618087
1461.0,0.9564021173425714
1462.0,0.956391848181903
1463.0,0.9563815786988652
1464.0,0.956374346922118
1465.0,0.9563683624111016
1466.0,0.9563623776521083
1467.0,0.9563563926451378
1468.0,0.9563504073901908
1469.0,0.9563444218872666
1470.0,0.9563384361363656
1471.0,0.9563324501374877
1472.0,0.9563264638906329
1473.0,0.9563204773958011
1474.0,0.9563144906529925
1475.0,0.956308503662207
1476.0,0.9563025164234445
1477.0,0.9562965289367051
1478.0,0.9562905412019888
1479.0,0.9562845532192957
1480.0,0.9562785649886256
1481.0,0.9562725765099785
1482.0,0.9562665877833548
1483.0,0.9562605988087539
1484.0,0.9562546095861763
1485.0,0.9562486201156216
1486.0,0.9562426303970901
1487.0,0.9562366404305818
1488.0,0.9562306502160964
1489.0,0.9562246597536342
1490.0,0.9562186690431951
1491.0,0.9562126780847789
1492.0,0.9562066868783861
1493.0,0.9562006954240163
1494.0,0.9561947037216694
1495.0,0.9561887117713458
1496.0,0.9561827195730453
1497.0,0.9561767271267678
1498.0,0.9561707344325133
1499.0,0.956164741490282
1500.0,0.956158748300074
1501.0,0.9561592105866452
1502.0,0.9561626607551674
1503.0,0.9561661108395934
1504.0,0.9561695608399231
1505.0,0.9561730107561566
1506.0,0.9561764605882938
1507.0,0.9561799103363344
1508.0,0.956183360000279
1509.0,0.9561868095801275
1510.0,0.9561902590758793
1511.0,0.956193708487535
1512.0,0.9561971578150946
1513.0,0.9562006070585577
1514.0,0.9562040562179245
1515.0,0.9562075052931953
1516.0,0.9562109542843694
1517.0,0.9562144031914476
1518.0,0.9562178520144291
1519.0,0.9562213007533147
1520.0,0.9562247494081039
1521.0,0.9562281979787967
1522.0,0.9562316464653934
1523.0,0.9562350948678937
1524.0,0.9562385431862976
1525.0,0.9562419914206054
1526.0,0.9562454395708169
1527.0,0.956248887636932
1528.0,0.956252335618951
1529.0,0.9562557835168737
1530.0,0.9562592313306999
1531.0,0.95626267906043
1532.0,0.9562661267060637
1533.0,0.9562695742676013
1534.0,0.9562730217450425
1535.0,0.9562764691383874
1536.0,0.9562799164476362
1537.0,0.9562833636727884
1538.0,0.9562868108138445
1539.0,0.9562902578708043
1540.0,0.9562937048436677
1541.0,0.956297151732435
1542.0,0.9563005985371059
1543.0,0.9563040452576806
1544.0,0.956307491894159
1545.0,0.956310938446541
1546.0,0.9563143849148269
1547.0,0.9563178312990164
1548.0,0.9563212775991096
1549.0,0.9563247238151065
1550.0,0.9563281699470074
1551.0,0.9563316159948116
1552.0,0.9563350619585197
1553.0,0.9563385078381316
1554.0,0.9563419536336472
1555.0,0.9563453993450663
1556.0,0.9563488449723894
1557.0,0.956352290515616
1558.0,0.9563557359747464
1559.0,0.9563591813497805
1560.0,0.9563626266407185
1561.0,0.9563660718475598
1562.0,0.9563695169703051
1563.0,0.9563729620089543
1564.0,0.9563764069635069
1565.0,0.9563798518339633
1566.0,0.9563835830166092
1567.0,0.9563886439672329
1568.0,0.9563937048617918
1569.0,0.9563987657002856
1570.0,0.9564038264827144
1571.0,0.9564088872090784
1572.0,0.9564139478793772
1573.0,0.9564190084936112
1574.0,0.9564240690517801
1575.0,0.9564291295538841
1576.0,0.9564341899999231
1577.0,0.9564392503898973
1578.0,0.9564443107238063
1579.0,0.9564493710016505
1580.0,0.9564544312234295
1581.0,0.9564594913891438
1582.0,0.9564645514987931
1583.0,0.9564696115523772
1584.0,0.9564746715498963
1585.0,0.9564797314913509
1586.0,0.9564847913767399
1587.0,0.9564898512060643
1588.0,0.9564949109793237
1589.0,0.9564999706965182
1590.0,0.9565050303576477
1591.0,0.9565100899627121
1592.0,0.9565151495117117
1593.0,0.9565202090046463
1594.0,0.9565252684415158
1595.0,0.9565303278223204
1596.0,0.9565353871470601
1597.0,0.9565404464157348
1598.0,0.9565455056283445
1599.0,0.9565505647848891
1600.0,0.956555623885369
1601.0,0.9565606829297838
1602.0,0.9565657419181335
1603.0,0.9565708008504185
1604.0,0.9565758597266383
1605.0,0.9565809185467931
1606.0,0.9565859773108831
1607.0,0.9565910360189079
1608.0,0.956596094670868
1609.0,0.9566011532667631
1610.0,0.9566062118065931
1611.0,0.9566112702903583
1612.0,0.9566163287180585
1613.0,0.9566213870896935
1614.0,0.9566264454052638
1615.0,0.9566315036647689
1616.0,0.9566365618682092
1617.0,0.9566416200155845
1618.0,0.9566466781068947
1619.0,0.9566517361421402
1620.0,0.9566567941213205
1621.0,0.9566618520444359
1622.0,0.9566669099114864
1623.0,0.9566719677224719
1624.0,0.9566770254773923
1625.0,0.9566820831762478
1626.0,0.9566871408190384
1627.0,0.956692198405764
1628.0,0.9566972559364246
1629.0,0.9567023134110201
1630.0,0.9567073708295508
1631.0,0.9567124281920165
1632.0,0.9567137838023385
1633.0,0.9567133234648303
1634.0,0.9567128629756182
1635.0,0.9567124023347024
1636.0,0.9567119415420826
1637.0,0.9567114805977591
1638.0,0.9567110195017319
1639.0,0.9567105582540008
1640.0,0.9567100968545658
1641.0,0.9567096353034272
1642.0,0.9567091736005847
1643.0,0.9567087117460383
1644.0,0.9567082497397883
1645.0,0.9567077875818343
1646.0,0.9567073252721767
1647.0,0.9567068628108151
1648.0,0.9567064001977499
1649.0,0.9567059374329807
1650.0,0.956705474516508
1651.0,0.9567050114483312
1652.0,0.9567045482284506
1653.0,0.9567040848568663
1654.0,0.9567036213335782
1655.0,0.9567031576585865
1656.0,0.9567026938318905
1657.0,0.9567022298534912
1658.0,0.9567017657233879
1659.0,0.9567013014415807
1660.0,0.9567008370080698
1661.0,0.956700372422855
1662.0,0.9566999076859366
1663.0,0.9566994427973142
1664.0,0.9566989777569881
1665.0,0.9566985125649583
1666.0,0.9566980472212245
1667.0,0.956697581725787
1668.0,0.9566971160786456
1669.0,0.9566966502798006
1670.0,0.9566961843292515
1671.0,0.956695718226999
1672.0,0.9566952519730424
1673.0,0.956694785567382
1674.0,0.956694319010018
1675.0,0.9566938523009499
1676.0,0.9566933854401783
1677.0,0.9566929184277027
1678.0,0.9566924512635234
1679.0,0.9566919839476402
1680.0,0.9566919215029873
1681.0,0.9566930535177063
1682.0,0.9566941854084373
1683.0,0.9566953171751801
1684.0,0.956696448817935
1685.0,0.9566975803367017
1686.0,0.9566987117314805
1687.0,0.956699843002271
1688.0,0.9567009741490736
1689.0,0.9567021051718881
1690.0,0.9567032360707147
1691.0,0.956704366845553
1692.0,0.9567054974964035
1693.0,0.9567066280232658
1694.0,0.95670775842614
1695.0,0.9567088887050262
1696.0,0.9567100188599245
1697.0,0.9567111488908345
1698.0,0.9567122787977567
1699.0,0.9567134085806906
1700.0,0.9567145382396366
1702.0,0.9567167971855641
1705.0,0.9567201846745454
1710.0,0.9567258280097528
1715.0,0.956731468245259
1720.0,0.9567371053810638
1725.0,0.956742739417167
1730.0,0.9567483703535692
1735.0,0.9567539981902697
1740.0,0.9567596229272689
1745.0,0.9567652445645669
1750.0,0.9567708631021635
1755.0,0.9567728776762946
1760.0,0.9567635168039836
1765.0,0.9567541515357171
1770.0,0.9567447818714949
1775.0,0.956735407811317
1780.0,0.9567260293551837
1785.0,0.9567166465030951
1790.0,0.9567072592550504
1795.0,0.9566978676110502
1800.0,0.9566884715710945
1805.0,0.9566790711351829
1810.0,0.9566696663033161
1815.0,0.9566602570754935
1820.0,0.9563859842872876
1825.0,0.956010221987006
1830.0,0.9556344414679611
1835.0,0.9552586427301529
1840.0,0.9548828257735814
1845.0,0.9545069905982467
1850.0,0.9541311372041488
1855.0,0.9537552655912874
1860.0,0.9533793757596628
1865.0,0.9529958689004538
1870.0,0.9523199601234756
1875.0,0.9516442836350365
1880.0,0.950968839435136
1885.0,0.9502936275237742
1890.0,0.9496186479009514
1895.0,0.9489439005666672
1900.0,0.9482693855209219
1905.0,0.9475951027637155
1910.0,0.9469210522950479
1915.0,0.946247234114919
1920.0,0.945787536436013
1925.0,0.9453909840449356
1930.0,0.9449944316538584
1935.0,0.9445978792627812
1940.0,0.9442013268717038
1945.0,0.9438047744806266
1950.0,0.9434082220895492
1955.0,0.9430116696984719
1960.0,0.9426151173073948
1965.0,0.9422306745214402
1970.0,0.9418525067948688
1975.0,0.9414743235823486
1980.0,0.9410961248838793
1985.0,0.9407179106994616
1990.0,0.9403396810290948
1995.0,0.9399614358727794
2000.0,0.9395831752305152
2005.0,0.939204899102302
2010.0,0.9388266074881403
2015.0,0.9384483003880296
2020.0,0.9380565198111395
2025.0,0.9376275806264175
2030.0,0.9371986687698403
2035.0,0.9367697842414078
2040.0,0.9363409270411206
2045.0,0.9359120971689779
2050.0,0.9354832946249805
2055.0,0.935054519409128
2060.0,0.9346257715214202
2065.0,0.9341970509618576
2070.0,0.9337703301635782
2075.0,0.9333450494150628
2080.0,0.9329197931179244
2085.0,0.9324945612721632
2090.0,0.9320693538777791
2095.0,0.9316441709347721
2100.0,0.9312190124431423
2105.0,0.9307938784028895
2110.0,0.9303687688140139
2115.0,0.9299436836765154
2120.0,0.9295186229903939
2125.0,0.9291178315235391
2130.0,0.9284105374157614
2135.0,0.9277031897074295
2140.0,0.9269957883985428
2145.0,0.9262883334891018
2150.0,0.925580824979106
2155.0,0.9248732628685559
2160.0,0.9241656471574512
2165.0,0.9234579778457921
2170.0,0.9227502549335783
2175.0,0.9220424784208101
2180.0,0.9213346483074873
2185.0,0.92062676459361
2190.0,0.9199188272791783
2195.0,0.9192108363641919
2200.0,0.9185199733495174
2205.0,0.9178570702850429
2210.0,0.9171940405892335
2215.0,0.9165308842620893
2220.0,0.9158676013036099
2225.0,0.9152041917137957
2230.0,0.9145406554926463
2235.0,0.913876992640162
2240.0,0.9132132031563428
2245.0,0.912415022970249
2250.0,0.9112463680799197
2255.0,0.9100784078586244
2260.0,0.9090220612458609
2265.0,0.9081207177588657
2270.0,0.9072196361500211
2275.0,0.906318816419327
2280.0,0.9054182585667836
2285.0,0.9045179625923907
2290.0,0.9036179284961484
2295.0,0.9027181562780568
2300.0,0.9018186459381159
2305.0,0.9009193974763255
2310.0,0.9000204108926858
2315.0,0.8991216861871966
2320.0,0.8983475825721876
2325.0,0.8977219398259771
2330.0,0.8970961097932882
2335.0,0.8964700924741211
2340.0,0.8958438878684757
2345.0,0.895217495976352
2350.0,0.8945909167977498
2355.0,0.8939641503326694
2360.0,0.8933371965811109
2365.0,0.8927100555430738
2370.0,0.8919394803941642
2375.0,0.891126723163574
2380.0,0.8903140865342315
2385.0,0.8895015705061367
2390.0,0.8886891750792896
2395.0,0.88787690025369
2400.0,0.8870647460293383
2405.0,0.8862554192445025
2410.0,0.8850015521219027
2415.0,0.88360643395959
2420.0,0.8822115233432105
2425.0,0.8808168202727644
2430.0,0.8794112852999695
2435.0,0.8779711848880584
2440.0,0.8765314303860305
2445.0,0.8750920217938859
2450.0,0.8736529591116241
2455.0,0.8722142423392457
2460.0,0.8707758714767505
2465.0,0.8693378465241385
2470.0,0.8679001674814094
2475.0,0.8665416365621254
2480.0,0.8652175450186123
2485.0,0.8638934534750993
2490.0,0.8625693619315863
2495.0,0.8612452703880732
2500.0,0.8599211788445602
2505.0,0.8585970873010471
2510.0,0.8572729957575341
2515.0,0.8559489042140211
2520.0,0.854624812670508
2525.0,0.853300721126995
2530.0,0.851976629583482
2535.0,0.850652538039969
2540.0,0.8493284464964559
2545.0,0.8480043549529429
2550.0,0.8466802634094298
2555.0,0.8453561718659168
2560.0,0.8440320803224038
2565.0,0.8427079887788907
2570.0,0.8413838972353777
2575.0,0.8400598056918647
2580.0,0.8387357141483517
2585.0,0.8374116226048386
2590.0,0.8360875310613256
2595.0,0.8347634395178125
2600.0,0.8334393479742995
2605.0,0.831618962885072
2610.0,0.8294191725277917
2615.0,0.8272193821705116
2620.0,0.8250195918132314
2625.0,0.822819801455951
2630.0,0.8206200110986709
2635.0,0.8184202207413906
2640.0,0.8162204303841104
2645.0,0.8140206400268301
2650.0,0.8118208496695499
2655.0,0.8096210593122697
2660.0,0.8074212689549894
2665.0,0.8052214785977091
2670.0,0.803021688240429
2675.0,0.8008218978831487
2680.0,0.7986221075258685
2685.0,0.7964223171685882
2690.0,0.794222526811308
2695.0,0.7920227364540278
2700.0,0.7898229460967475
2705.0,0.7876231557394673
2710.0,0.785423365382187
2715.0,0.769468327540429
2720.0,0.7429977119643941
2725.0,0.7165270963883592
2730.0,0.6900564808123243
2735.0,0.6635858652362893
2740.0,0.6371152496602543
2745.0,0.6106446340842194
2750.0,0.5841740185081844
2755.0,0.5577034029321495
2760.0,0.5312327873561146
2765.0,0.5047621717800795
2770.0,0.4782915562040447
2775.0,0.4518209406280097
2780.0,0.4253503250519748
2785.0,0.3988797094759398
2790.0,0.3724090938999049
2795.0,0.3459384783238699
2800.0,0.31946786274783495
2805.0,0.2929972471718001
2810.0,0.2665266315957651
2815.0,0.24005601601973015
2820.0,0.21358540044369517
2825.0,0.18711478486766023
2830.0,0.16064416929162526
2835.0,0.1341735537155903
2840.0,0.1270877597243195
2845.0,0.12551672487166152
2850.0,0.12394569001900356
2855.0,0.12237465516634559
2860.0,0.12080362031368763
2865.0,0.11923258546102967
2870.0,0.1176615506083717
2875.0,0.11609051575571373
2880.0,0.11451948090305578
2885.0,0.1129484460503978
2890.0,0.11137741119773983
2895.0,0.10980637634508188
2900.0,0.1082353414924239
2905.0,0.1076931458837239
2910.0,0.10791964971992943
2915.0,0.10814615355613495
2920.0,0.10837265739234048
2925.0,0.10859916122854602
2930.0,0.10882566506475153
2935.0,0.10905216890095705
2940.0,0.10927867273716259
2945.0,0.10950517657336811
2950.0,0.10973168040957362
2955.0,0.10995818424577916
2960.0,0.11018468808198469
2965.0,0.11041119191819021
2970.0,0.11063769575439573
2975.0,0.11086419959060126
2980.0,0.11109070342680678
2985.0,0.11131720726301232
2990.0,0.11154371109921783
2995.0,0.11177021493542336
3000.0,0.1119967187716289
3005.0,0.1122232226078344
3010.0,0.11244972644403993
3015.0,0.11267623028024545
3020.0,0.11290273411645099
3025.0,0.1131292379526565
3030.0,0.11335574178886203
3035.0,0.11358224562506757
3040.0,0.11380874946127309
3045.0,0.1140352532974786
3050.0,0.11426175713368414
3055.0,0.11410448441963773
3060.0,0.11325369050642727
3065.0,0.1124028965932168
3070.0,0.11155210268000633
3075.0,0.11070130876679586
3080.0,0.10985051485358538
3085.0,0.10899972094037493
3090.0,0.10814892702716446
3095.0,0.10729813311395399
3100.0,0.10644733920074351
3105.0,0.10559654528753305
3110.0,0.10474575137432257
3115.0,0.10389495746111212
3120.0,0.10304416354790165
3125.0,0.10219336963469118
3130.0,0.10134257572148071
3135.0,0.10049178180827024
3140.0,0.09964098789505978
3145.0,0.09879019398184931
3150.0,0.09793940006863884
3155.0,0.09708860615542837
3160.0,0.0962378122422179
3165.0,0.09538701832900744
3170.0,0.09453622441579697
3175.0,0.0936854305025865
3180.0,0.09283463658937603
3185.0,0.09198384267616555
3190.0,0.0911330487629551
3195.0,0.09028225484974463
3200.0,0.08943146093653416
3205.0,0.08858066702332369
3210.0,0.08772987311011322
3215.0,0.08687907919690277
3220.0,0.08602828528369229
3225.0,0.08517749137048182
3230.0,0.08432669745727135
3235.0,0.0834759035440609
3240.0,0.08262510963085042
3245.0,0.08177431571763995
3250.0,0.08092352180442948
3255.0,0.08007272789121903
3260.0,0.0791752110692475
3265.0,0.07825524312316805
3270.0,0.0773352751770886
3275.0,0.07641530723100913
3280.0,0.07549533928492967
3285.0,0.0745753713388502
3290.0,0.07365540339277074
3295.0,0.07273543544669128
3300.0,0.07181546750061181
3305.0,0.07089549955453235
3310.0,0.06997553160845289
3315.0,0.06905556366237343
3320.0,0.06813559571629398
3325.0,0.06721562777021452
3330.0,0.06629565982413504
3335.0,0.06537569187805559
3340.0,0.06445572393197613
3345.0,0.06353575598589666
3350.0,0.0626157880398172
3355.0,0.061695820093737745
3360.0,0.06077585214765827
3365.0,0.059855884201578814
3370.0,0.05893591625549935
3375.0,0.05801594830941989
3380.0,0.05709598036334043
3385.0,0.056176012417260966
3390.0,0.0552560444711815
3395.0,0.05433607652510204
3400.0,0.05341610857902258
3405.0,0.05249614063294312
3410.0,0.05157617268686366
3415.0,0.05065620474078419
3420.0,0.04973623679470473
3425.0,0.04881626884862527
3430.0,0.04806053847534548
3435.0,0.04733951615612803
3440.0,0.046618493836910586
3445.0,0.04589747151769314
3450.0,0.045176449198475695
3455.0,0.04445542687925825
3460.0,0.0437344045600408
3465.0,0.04301338224082336
3470.0,0.04229235992160591
3475.0,0.041571337602388465
3480.0,0.040850315283171026
3485.0,0.040129292963953574
3490.0,0.039408270644736135
3495.0,0.03868724832551869
3500.0,0.03796622600630125
3505.0,0.037245203687083804
3510.0,0.03652418136786636
3515.0,0.03580315904864891
3520.0,0.035082136729431466
3525.0,0.03498357098466847
3530.0,0.03526434570805973
3535.0,0.03554512043145099
3540.0,0.03582589515484225
3545.0,0.03610666987823351
3550.0,0.03638744460162477
3555.0,0.03666821932501602
3560.0,0.036948994048407284
3565.0,0.03722976877179854
3570.0,0.037510543495189806
3575.0,0.03779131821858106
3580.0,0.038072092941972314
3585.0,0.038352867665363576
3590.0,0.03863364238875484
3595.0,0.03891441711214609
3600.0,0.03919519183553735
3605.0,0.039475966558928606
3610.0,0.039756741282319874
3615.0,0.04003751600571113
3620.0,0.04031829072910238
3625.0,0.04059906545249364
3630.0,0.040879840175884904
3635.0,0.04116061489927616
3640.0,0.04144138962266742
3645.0,0.041722164346058674
3650.0,0.04200293906944994
3655.0,0.042283713792841196
3660.0,0.04256448851623245
3665.0,0.04284526323962371
3670.0,0.04312603796301497
3675.0,0.043406812686406226
3680.0,0.04368758740979749
3685.0,0.04396836213318874
3690.0,0.04424913685658
3695.0,0.044529911579971264
3700.0,0.04481068630336252
3705.0,0.04509146102675378
3710.0,0.04516644277677779
3715.0,0.04522988871487857
3720.0,0.045293334652979356
3725.0,0.04535678059108014
3730.0,0.04542022652918093
3735.0,0.04548367246728171
3740.0,0.04554711840538249
3745.0,0.045610564343483276
3750.0,0.045674010281584056
3755.0,0.04573745621968484
3760.0,0.04580090215778562
3765.0,0.0458643480958864
3770.0,0.04592779403398719
3775.0,0.04599123997208797
3780.0,0.04605468591018876
3785.0,0.04611813184828954
3790.0,0.04618157778639032
3795.0,0.04624502372449111
3800.0,0.04630846966259189
3805.0,0.046371915600692676
3810.0,0.046435361538793456
3815.0,0.04649880747689424
3820.0,0.04656225341499502
3825.0,0.0466256993530958
3830.0,0.046689145291196596
3835.0,0.046752591229297376
3840.0,0.046816037167398156
3845.0,0.04687948310549894
3850.0,0.04694292904359972
3855.0,0.04700637498170051
3860.0,0.04706982091980129
3865.0,0.047133266857902076
3870.0,0.047196712796002856
3875.0,0.047260158734103636
3880.0,0.04732360467220443
3885.0,0.04738705061030521
3890.0,0.047450496548405996
3895.0,0.047513942486506776
3900.0,0.047577388424607556
3905.0,0.04764083436270834
3910.0,0.04770428030080912
3915.0,0.04776772623890991
3920.0,0.04783117217701069
3925.0,0.04789461811511147
3930.0,0.047958064053212256
3935.0,0.04802150999131304
3940.0,0.04808495592941383
3945.0,0.04814840186751461
3950.0,0.04821184780561539
3955.0,0.048275293743716176
3960.0,0.048338739681816956
3965.0,0.04840218561991774
3970.0,0.04846563155801852
3975.0,0.04817132346734941
3980.0,0.04781797183249556
3985.0,0.04746462019764171
3990.0,0.04711126856278785
3995.0,0.046757916927934
4000.0,0.046404565293080145
